Trial-ID,Status,Iteration,dropout,lr,num_hidden_units,Objective,epochs,train_acc,train_loss,val_acc_uncertainty,val_loss,val_loss_uncertainty
1,INTERMEDIATE,1,0.0573466875616246,0.0013366581161554938,37.0,0.7836630864895421,575.2,0.818448275862069,0.6281165480613708,0.005992085924250934,0.7933980226516724,0.023236232995986983
1,COMPLETED,1,0.0573466875616246,0.0013366581161554938,37.0,0.7836630864895421,575.2,0.818448275862069,0.6281165480613708,0.005992085924250934,0.7933980226516724,0.023236232995986983
2,INTERMEDIATE,1,0.24364069506891115,0.019971186783078316,35.0,0.7858111927642737,287.5,0.8453448275862069,0.5029146671295166,0.006902204635387377,0.7760623693466187,0.021862968802452087
2,COMPLETED,1,0.24364069506891115,0.019971186783078316,35.0,0.7858111927642737,287.5,0.8453448275862069,0.5029146671295166,0.006902204635387377,0.7760623693466187,0.021862968802452087
3,INTERMEDIATE,1,0.3045289751202194,0.0024112071729356158,35.0,0.7840587902769928,594.8,0.8324137931034482,0.5619301199913025,0.007009609949124029,0.774705171585083,0.02092799097299569
3,COMPLETED,1,0.3045289751202194,0.0024112071729356158,35.0,0.7840587902769928,594.8,0.8324137931034482,0.5619301199913025,0.007009609949124029,0.774705171585083,0.02092799097299569
4,INTERMEDIATE,1,0.07852794603083973,0.009250803798582653,32.0,0.7859807801017523,325.3,0.8375862068965517,0.5389853715896606,0.006505087620124139,0.7831703424453735,0.025782760977745012
4,COMPLETED,1,0.07852794603083973,0.009250803798582653,32.0,0.7859807801017523,325.3,0.8375862068965517,0.5389853715896606,0.006505087620124139,0.7831703424453735,0.025782760977745012
5,INTERMEDIATE,1,0.07203503462416389,0.009304939659958489,32.0,0.7842849067269644,290.7,0.836206896551724,0.5478821992874146,0.00758055398530233,0.7857216596603394,0.02602640241384513
5,COMPLETED,1,0.07203503462416389,0.009304939659958489,32.0,0.7842849067269644,290.7,0.836206896551724,0.5478821992874146,0.00758055398530233,0.7857216596603394,0.02602640241384513
6,INTERMEDIATE,1,0.23099384432918574,0.027721574523428504,35.0,0.7882984737139627,309.8,0.8506896551724138,0.49306613206863403,0.007690785754663643,0.7814847230911255,0.028975746035575844
6,COMPLETED,1,0.23099384432918574,0.027721574523428504,35.0,0.7882984737139627,309.8,0.8506896551724138,0.49306613206863403,0.007690785754663643,0.7814847230911255,0.028975746035575844
7,INTERMEDIATE,1,0.2310842505934453,0.02767178833648053,35.0,0.7872809496890899,278.4,0.847758620689655,0.5009703040122986,0.0066167326172980045,0.7842114567756653,0.026419337093830042
7,COMPLETED,1,0.2310842505934453,0.02767178833648053,35.0,0.7872809496890899,278.4,0.847758620689655,0.5009703040122986,0.0066167326172980045,0.7842114567756653,0.026419337093830042
8,INTERMEDIATE,1,0.17053750847115434,0.03609598616962295,33.0,0.7830412662521199,252.3,0.846551724137931,0.49705201387405396,0.006615319389485563,0.7835596799850464,0.02975046336650844
8,COMPLETED,1,0.17053750847115434,0.03609598616962295,33.0,0.7830412662521199,252.3,0.846551724137931,0.49705201387405396,0.006615319389485563,0.7835596799850464,0.02975046336650844
9,INTERMEDIATE,1,0.3949771463649062,0.0006985400890521478,38.0,0.7802713397399662,1047.1,0.8148275862068965,0.6506794691085815,0.006613906161673344,0.8019222021102905,0.028942719101905823
9,COMPLETED,1,0.3949771463649062,0.0006985400890521478,38.0,0.7802713397399662,1047.1,0.8148275862068965,0.6506794691085815,0.006613906161673344,0.8019222021102905,0.028942719101905823
10,INTERMEDIATE,1,0.22617604681217607,0.03137004686951008,35.0,0.7867156585641605,314.4,0.8508620689655173,0.482868492603302,0.006957320520067922,0.7798048257827759,0.02688017636537543
10,COMPLETED,1,0.22617604681217607,0.03137004686951008,35.0,0.7867156585641605,314.4,0.8508620689655173,0.482868492603302,0.006957320520067922,0.7798048257827759,0.02688017636537543
11,INTERMEDIATE,1,0.19058863191200787,0.049999999999999996,35.0,0.786263425664217,293.3,0.8543103448275862,0.4790254235267639,0.006840022611644958,0.7851316332817078,0.02963465452194214
11,COMPLETED,1,0.19058863191200787,0.049999999999999996,35.0,0.786263425664217,293.3,0.8543103448275862,0.4790254235267639,0.006840022611644958,0.7851316332817078,0.02963465452194214
12,INTERMEDIATE,1,0.4,0.038184734347687724,35.0,0.7875635952515546,282.8,0.8456896551724137,0.5078335404396057,0.005539853024307484,0.7772741913795471,0.02488846331834793
12,COMPLETED,1,0.4,0.038184734347687724,35.0,0.7875635952515546,282.8,0.8456896551724137,0.5078335404396057,0.005539853024307484,0.7772741913795471,0.02488846331834793
13,INTERMEDIATE,1,0.4,0.049999999999999996,35.0,0.7858677218767666,257.1,0.8389655172413792,0.5281516313552856,0.007466082532504359,0.782046377658844,0.026374900341033958
13,COMPLETED,1,0.4,0.049999999999999996,35.0,0.7858677218767666,257.1,0.8389655172413792,0.5281516313552856,0.007466082532504359,0.782046377658844,0.026374900341033958
14,INTERMEDIATE,1,0.10418607601575149,0.036007584824503364,36.0,0.7863764838892029,243.7,0.8436206896551726,0.5027652978897095,0.006332673827020963,0.7857447862625122,0.024167937040329046
14,COMPLETED,1,0.10418607601575149,0.036007584824503364,36.0,0.7863764838892029,243.7,0.8436206896551726,0.5027652978897095,0.006332673827020963,0.7857447862625122,0.024167937040329046
15,INTERMEDIATE,1,0.0,0.04169125566347608,35.0,0.7843979649519502,253.0,0.8549999999999999,0.4682393968105316,0.007293668739400849,0.7945453524589539,0.03153429627418525
15,COMPLETED,1,0.0,0.04169125566347608,35.0,0.7843979649519502,253.0,0.8549999999999999,0.4682393968105316,0.007293668739400849,0.7945453524589539,0.03153429627418525
16,INTERMEDIATE,1,0.36831412194957075,0.0296258708629966,35.0,0.7869417750141323,301.7,0.8451724137931034,0.507986307144165,0.006505087620124472,0.7808544635772705,0.027389389276504472
16,COMPLETED,1,0.36831412194957075,0.0296258708629966,35.0,0.7869417750141323,301.7,0.8451724137931034,0.507986307144165,0.006505087620124472,0.7808544635772705,0.027389389276504472
17,INTERMEDIATE,1,0.4,0.026539229232624504,35.0,0.7869417750141323,325.2,0.8432758620689655,0.5158708691596985,0.006106557377049127,0.7819147109985352,0.023564298450946763
17,COMPLETED,1,0.4,0.026539229232624504,35.0,0.7869417750141323,325.2,0.8432758620689655,0.5158708691596985,0.006106557377049127,0.7819147109985352,0.023564298450946763
18,INTERMEDIATE,1,0.4,0.026438783163497456,35.0,0.7877897117015263,324.6,0.8458620689655172,0.5130184888839722,0.0072371396269079735,0.7788683176040649,0.02762856632471078
18,COMPLETED,1,0.4,0.026438783163497456,35.0,0.7877897117015263,324.6,0.8458620689655172,0.5130184888839722,0.0072371396269079735,0.7788683176040649,0.02762856632471078
19,INTERMEDIATE,1,0.3801815053885397,0.0005247889513553691,25.0,0.7535895986433013,1185.4,0.7822413793103449,0.8420686721801758,0.04019502543810072,0.9464982748031616,0.22355726659297948
19,COMPLETED,1,0.3801815053885397,0.0005247889513553691,25.0,0.7535895986433013,1185.4,0.7822413793103449,0.8420686721801758,0.04019502543810072,0.9464982748031616,0.22355726659297948
20,INTERMEDIATE,1,0.0,0.049999999999999996,45.0,0.78728094968909,245.2,0.8505172413793103,0.48010802268981934,0.006161673261729894,0.7950974702835083,0.025511163473129317
20,COMPLETED,1,0.0,0.049999999999999996,45.0,0.78728094968909,245.2,0.8505172413793103,0.48010802268981934,0.006161673261729894,0.7950974702835083,0.025511163473129317
21,INTERMEDIATE,1,0.4,0.0004999999999999999,45.0,0.7801017524024874,1197.3,0.8120689655172413,0.6647481918334961,0.008311192764273612,0.8052166104316711,0.027152654528617926
21,COMPLETED,1,0.4,0.0004999999999999999,45.0,0.7801017524024874,1197.3,0.8120689655172413,0.6647481918334961,0.008311192764273612,0.8052166104316711,0.027152654528617926
22,INTERMEDIATE,1,0.0,0.049999999999999996,42.0,0.7841718485019785,267.7,0.851551724137931,0.478329598903656,0.005654324477105677,0.7991460561752319,0.027496527135372095
22,COMPLETED,1,0.0,0.049999999999999996,42.0,0.7841718485019785,267.7,0.851551724137931,0.478329598903656,0.005654324477105677,0.7991460561752319,0.027496527135372095
23,INTERMEDIATE,1,0.4,0.049999999999999996,36.0,0.7857546636517807,263.2,0.8425862068965518,0.5123669505119324,0.005992085924251045,0.7771559953689575,0.028364996612071924
23,COMPLETED,1,0.4,0.049999999999999996,36.0,0.7857546636517807,263.2,0.8425862068965518,0.5123669505119324,0.005992085924251045,0.7771559953689575,0.028364996612071924
24,INTERMEDIATE,1,0.4,0.049999999999999996,45.0,0.7871678914641042,294.1,0.8458620689655174,0.49898380041122437,0.006557377049180468,0.7775025963783264,0.027965779602527552
24,COMPLETED,1,0.4,0.049999999999999996,45.0,0.7871678914641042,294.1,0.8458620689655174,0.49898380041122437,0.006557377049180468,0.7775025963783264,0.027965779602527552
25,INTERMEDIATE,1,0.4,0.0004999999999999999,32.0,0.777727529677784,1385.6,0.8125862068965517,0.6759212017059326,0.007067552289429013,0.8127808570861816,0.029596301913261458
25,COMPLETED,1,0.4,0.0004999999999999999,32.0,0.777727529677784,1385.6,0.8125862068965517,0.6759212017059326,0.007067552289429013,0.8127808570861816,0.029596301913261458
26,INTERMEDIATE,1,0.0,0.049999999999999996,30.0,0.7851893725268513,266.5,0.8524137931034483,0.4738386571407318,0.005483323911814497,0.8005471229553223,0.026598152518272355
26,COMPLETED,1,0.0,0.049999999999999996,30.0,0.7851893725268513,266.5,0.8524137931034483,0.4738386571407318,0.005483323911814497,0.8005471229553223,0.026598152518272355
27,INTERMEDIATE,1,0.4,0.049999999999999996,31.0,0.78631995477671,236.7,0.8415517241379311,0.5240790843963623,0.006613906161673344,0.7776797413825989,0.02616595029830926
27,COMPLETED,1,0.4,0.049999999999999996,31.0,0.78631995477671,236.7,0.8415517241379311,0.5240790843963623,0.006613906161673344,0.7776797413825989,0.02616595029830926
28,INTERMEDIATE,1,0.0,0.049999999999999996,44.0,0.7829282080271339,278.6,0.8544827586206896,0.47359490394592285,0.0069530808366308205,0.8015691637992859,0.029051144421100572
28,COMPLETED,1,0.0,0.049999999999999996,44.0,0.7829282080271339,278.6,0.8544827586206896,0.47359490394592285,0.0069530808366308205,0.8015691637992859,0.029051144421100572
29,INTERMEDIATE,1,0.0,0.049999999999999996,40.0,0.7841153193894856,246.4,0.8549999999999999,0.47241657972335815,0.005880440927077624,0.7942318916320801,0.02963078022003174
29,COMPLETED,1,0.0,0.049999999999999996,40.0,0.7841153193894856,246.4,0.8549999999999999,0.47241657972335815,0.005880440927077624,0.7942318916320801,0.02963078022003174
30,INTERMEDIATE,1,0.0,0.049999999999999996,31.0,0.7833804409270774,267.4,0.8520689655172415,0.4735415577888489,0.006728377614471426,0.7994455099105835,0.032526351511478424
30,COMPLETED,1,0.0,0.049999999999999996,31.0,0.7833804409270774,267.4,0.8520689655172415,0.4735415577888489,0.006728377614471426,0.7994455099105835,0.032526351511478424
31,INTERMEDIATE,1,0.4,0.049999999999999996,35.0,0.7867156585641605,251.6,0.8432758620689655,0.5171971321105957,0.005146975692481681,0.7760877013206482,0.024731446802616075
31,COMPLETED,1,0.4,0.049999999999999996,35.0,0.7867156585641605,251.6,0.8432758620689655,0.5171971321105957,0.005146975692481681,0.7760877013206482,0.024731446802616075
32,INTERMEDIATE,1,0.4,0.049999999999999996,45.0,0.7853589598643301,235.0,0.8394827586206896,0.5232294797897339,0.004184567552289464,0.7787428498268127,0.02702517956495276
32,COMPLETED,1,0.4,0.049999999999999996,45.0,0.7853589598643301,235.0,0.8394827586206896,0.5232294797897339,0.004184567552289464,0.7787428498268127,0.02702517956495276
33,INTERMEDIATE,1,0.4,0.049999999999999996,35.0,0.786263425664217,295.7,0.8418965517241379,0.516731858253479,0.006613906161673122,0.777633547782898,0.028022328019142173
33,COMPLETED,1,0.4,0.049999999999999996,35.0,0.786263425664217,295.7,0.8418965517241379,0.516731858253479,0.006613906161673122,0.777633547782898,0.028022328019142173
34,INTERMEDIATE,1,0.4,0.049999999999999996,35.0,0.7853024307518373,271.9,0.8448275862068965,0.5148009061813354,0.0052586206896553245,0.7798373699188232,0.024705155193805672
34,COMPLETED,1,0.4,0.049999999999999996,35.0,0.7853024307518373,271.9,0.8448275862068965,0.5148009061813354,0.0052586206896553245,0.7798373699188232,0.024705155193805672
35,INTERMEDIATE,1,0.4,0.049999999999999996,35.0,0.7842849067269644,258.8,0.8434482758620689,0.511212944984436,0.005146975692481681,0.7802464962005615,0.02596234381198881
35,COMPLETED,1,0.4,0.049999999999999996,35.0,0.7842849067269644,258.8,0.8434482758620689,0.511212944984436,0.005146975692481681,0.7802464962005615,0.02596234381198881
36,INTERMEDIATE,1,0.0,0.049999999999999996,35.0,0.7843979649519504,235.0,0.8505172413793105,0.48188161849975586,0.006106557377049238,0.7947651147842407,0.02432203590869897
36,COMPLETED,1,0.0,0.049999999999999996,35.0,0.7843979649519504,235.0,0.8505172413793105,0.48188161849975586,0.006106557377049238,0.7947651147842407,0.02432203590869897
37,INTERMEDIATE,1,0.4,0.049999999999999996,36.0,0.7886941775014134,287.4,0.8450000000000001,0.49960392713546753,0.007574901074053009,0.7751725912094116,0.025612390041351407
37,COMPLETED,1,0.4,0.049999999999999996,36.0,0.7886941775014134,287.4,0.8450000000000001,0.49960392713546753,0.007574901074053009,0.7751725912094116,0.025612390041351407
38,INTERMEDIATE,1,0.4,0.049999999999999996,37.0,0.7876766534765405,277.4,0.8427586206896551,0.5064041614532471,0.006277557942340417,0.7765679359436035,0.025828345119953244
38,COMPLETED,1,0.4,0.049999999999999996,37.0,0.7876766534765405,277.4,0.8427586206896551,0.5064041614532471,0.006277557942340417,0.7765679359436035,0.025828345119953244
39,INTERMEDIATE,1,0.4,0.049999999999999996,37.0,0.7881288863764839,255.8,0.8425862068965516,0.527420163154602,0.006896551724137945,0.7769342660903931,0.023386092483997367
39,COMPLETED,1,0.4,0.049999999999999996,37.0,0.7881288863764839,255.8,0.8425862068965516,0.527420163154602,0.006896551724137945,0.7769342660903931,0.023386092483997367
40,INTERMEDIATE,1,0.4,0.049999999999999996,37.0,0.7866591294516676,284.2,0.8474137931034482,0.5053443312644958,0.008083663086489445,0.7770889401435852,0.027999740839004472
40,COMPLETED,1,0.4,0.049999999999999996,37.0,0.7866591294516676,284.2,0.8474137931034482,0.5053443312644958,0.008083663086489445,0.7770889401435852,0.027999740839004472
41,INTERMEDIATE,1,0.4,0.049999999999999996,37.0,0.7841153193894855,286.5,0.8422413793103448,0.5161062479019165,0.006389202939513949,0.7851223349571228,0.0268446326255799
41,COMPLETED,1,0.4,0.049999999999999996,37.0,0.7841153193894855,286.5,0.8422413793103448,0.5161062479019165,0.006389202939513949,0.7851223349571228,0.0268446326255799
42,INTERMEDIATE,1,0.4,0.049999999999999996,36.0,0.7856416054267947,279.3,0.8441379310344826,0.5019055604934692,0.006561616732617237,0.7843263745307922,0.02441034018993382
42,COMPLETED,1,0.4,0.049999999999999996,36.0,0.7856416054267947,279.3,0.8441379310344826,0.5019055604934692,0.006561616732617237,0.7843263745307922,0.02441034018993382
43,INTERMEDIATE,1,0.4,0.049999999999999996,36.0,0.7849632560768797,242.0,0.8441379310344829,0.5217618942260742,0.006389202939513838,0.7796353101730347,0.024864137172698975
43,COMPLETED,1,0.4,0.049999999999999996,36.0,0.7849632560768797,242.0,0.8441379310344829,0.5217618942260742,0.006389202939513838,0.7796353101730347,0.024864137172698975
44,INTERMEDIATE,1,0.4,0.049999999999999996,36.0,0.7866591294516676,260.7,0.8455172413793104,0.5092774629592896,0.006897964951950275,0.7797559499740601,0.029615132510662057
44,COMPLETED,1,0.4,0.049999999999999996,36.0,0.7866591294516676,260.7,0.8455172413793104,0.5092774629592896,0.006897964951950275,0.7797559499740601,0.029615132510662057
45,INTERMEDIATE,1,0.4,0.049999999999999996,36.0,0.7876766534765405,260.3,0.8412068965517241,0.5200937986373901,0.005541266252119814,0.78077232837677,0.027638299763202645
45,COMPLETED,1,0.4,0.049999999999999996,36.0,0.7876766534765405,260.3,0.8412068965517241,0.5200937986373901,0.005541266252119814,0.78077232837677,0.027638299763202645
46,INTERMEDIATE,1,0.4,0.049999999999999996,36.0,0.7869983041266251,276.3,0.8455172413793104,0.5087685585021973,0.0065587902769925766,0.7772345542907715,0.02479046285152431
46,COMPLETED,1,0.4,0.049999999999999996,36.0,0.7869983041266251,276.3,0.8455172413793104,0.5087685585021973,0.0065587902769925766,0.7772345542907715,0.02479046285152431
47,INTERMEDIATE,1,0.4,0.049999999999999996,36.0,0.787959299039005,292.5,0.8463793103448275,0.4943787157535553,0.006004804974561906,0.7785796523094177,0.02179166972637181
47,COMPLETED,1,0.4,0.049999999999999996,36.0,0.787959299039005,292.5,0.8463793103448275,0.4943787157535553,0.006004804974561906,0.7785796523094177,0.02179166972637181
48,INTERMEDIATE,1,0.4,0.049999999999999996,36.0,0.7838892029395138,258.0,0.8405172413793103,0.5199017524719238,0.006444318824194384,0.7811459302902222,0.027202624082565352
48,COMPLETED,1,0.4,0.049999999999999996,36.0,0.7838892029395138,258.0,0.8405172413793103,0.5199017524719238,0.006444318824194384,0.7811459302902222,0.027202624082565352
49,INTERMEDIATE,1,0.4,0.049999999999999996,36.0,0.7863764838892029,299.7,0.8456896551724139,0.5064831972122192,0.005936970039570388,0.7777339220046997,0.027492105960845947
49,COMPLETED,1,0.4,0.049999999999999996,36.0,0.7863764838892029,299.7,0.8456896551724139,0.5064831972122192,0.005936970039570388,0.7777339220046997,0.027492105960845947
50,INTERMEDIATE,1,0.4,0.049999999999999996,36.0,0.7876766534765405,248.1,0.8422413793103448,0.5191430449485779,0.0063906161673261686,0.7734624147415161,0.02470887452363968
50,COMPLETED,1,0.4,0.049999999999999996,36.0,0.7876766534765405,248.1,0.8422413793103448,0.5191430449485779,0.0063906161673261686,0.7734624147415161,0.02470887452363968
51,INTERMEDIATE,1,0.4,0.049999999999999996,36.0,0.7842283776144714,253.1,0.8415517241379311,0.5194767713546753,0.006726964386659207,0.7807517051696777,0.02675398588180533
51,COMPLETED,1,0.4,0.049999999999999996,36.0,0.7842283776144714,253.1,0.8415517241379311,0.5194767713546753,0.006726964386659207,0.7807517051696777,0.02675398588180533
52,INTERMEDIATE,1,0.4,0.049999999999999996,36.0,0.7851893725268514,248.2,0.8458620689655172,0.5224209427833557,0.005879027699265182,0.7770094871520996,0.025160691142082192
52,COMPLETED,1,0.4,0.049999999999999996,36.0,0.7851893725268514,248.2,0.8458620689655172,0.5224209427833557,0.005879027699265182,0.7770094871520996,0.025160691142082192
53,INTERMEDIATE,1,0.4,0.049999999999999996,35.0,0.7866026003391747,277.8,0.8403448275862069,0.5174586176872253,0.0049745618993782825,0.7813087105751038,0.026127314567565896
53,COMPLETED,1,0.4,0.049999999999999996,35.0,0.7866026003391747,277.8,0.8403448275862069,0.5174586176872253,0.0049745618993782825,0.7813087105751038,0.026127314567565896
54,INTERMEDIATE,1,0.4,0.049999999999999996,35.0,0.7844544940644432,267.5,0.8401724137931035,0.5183877944946289,0.005935556811758169,0.7787638306617737,0.02576627433300016
54,COMPLETED,1,0.4,0.049999999999999996,35.0,0.7844544940644432,267.5,0.8401724137931035,0.5183877944946289,0.005935556811758169,0.7787638306617737,0.02576627433300016
55,INTERMEDIATE,1,0.4,0.049999999999999996,36.0,0.7831543244771056,221.7,0.8341379310344827,0.5382815003395081,0.006729790842283756,0.7887632846832275,0.026316317915916487
55,COMPLETED,1,0.4,0.049999999999999996,36.0,0.7831543244771056,221.7,0.8341379310344827,0.5382815003395081,0.006729790842283756,0.7887632846832275,0.026316317915916487
56,INTERMEDIATE,1,0.4,0.049999999999999996,35.0,0.7856416054267947,265.5,0.8429310344827586,0.5115740895271301,0.005316563029960308,0.7783252000808716,0.025395707786083244
56,COMPLETED,1,0.4,0.049999999999999996,35.0,0.7856416054267947,265.5,0.8429310344827586,0.5115740895271301,0.005316563029960308,0.7783252000808716,0.025395707786083244
57,INTERMEDIATE,1,0.4,0.049999999999999996,36.0,0.785585076314302,252.6,0.8436206896551723,0.515575110912323,0.007190503109101409,0.7778811454772949,0.02682274580001831
57,COMPLETED,1,0.4,0.049999999999999996,36.0,0.785585076314302,252.6,0.8436206896551723,0.515575110912323,0.007190503109101409,0.7778811454772949,0.02682274580001831
58,INTERMEDIATE,1,0.4,0.049999999999999996,36.0,0.7851893725268514,248.0,0.8389655172413792,0.531511664390564,0.004809214245336202,0.7826287746429443,0.024094739556312583
58,COMPLETED,1,0.4,0.049999999999999996,36.0,0.7851893725268514,248.0,0.8389655172413792,0.531511664390564,0.004809214245336202,0.7826287746429443,0.024094739556312583
59,INTERMEDIATE,1,0.4,0.049999999999999996,35.0,0.7845110231769362,240.8,0.836896551724138,0.5308489203453064,0.0074053137365744925,0.785165011882782,0.02225616872310643
59,COMPLETED,1,0.4,0.049999999999999996,35.0,0.7845110231769362,240.8,0.836896551724138,0.5308489203453064,0.0074053137365744925,0.785165011882782,0.02225616872310643
60,INTERMEDIATE,1,0.0,0.049999999999999996,45.0,0.7845110231769361,231.9,0.8448275862068965,0.49814820289611816,0.005879027699265071,0.7947941422462463,0.027829425036907218
60,COMPLETED,1,0.0,0.049999999999999996,45.0,0.7845110231769361,231.9,0.8448275862068965,0.49814820289611816,0.005879027699265071,0.7947941422462463,0.027829425036907218
61,INTERMEDIATE,1,0.4,0.049999999999999996,36.0,0.7853589598643301,303.6,0.8462068965517242,0.49897655844688416,0.00667184850197855,0.7795122265815735,0.028977121412754103
61,COMPLETED,1,0.4,0.049999999999999996,36.0,0.7853589598643301,303.6,0.8462068965517242,0.49897655844688416,0.00667184850197855,0.7795122265815735,0.028977121412754103
62,INTERMEDIATE,1,0.0,0.049999999999999996,36.0,0.7843414358394575,262.9,0.8481034482758621,0.49327516555786133,0.0052586206896553245,0.7975915670394897,0.025442032516002633
62,COMPLETED,1,0.0,0.049999999999999996,36.0,0.7843414358394575,262.9,0.8481034482758621,0.49327516555786133,0.0052586206896553245,0.7975915670394897,0.025442032516002633
63,INTERMEDIATE,1,0.4,0.049999999999999996,35.0,0.785472018089316,288.2,0.8413793103448277,0.5176586508750916,0.006105144149236796,0.7835181951522827,0.025802938640117623
63,COMPLETED,1,0.4,0.049999999999999996,35.0,0.785472018089316,288.2,0.8413793103448277,0.5176586508750916,0.006105144149236796,0.7835181951522827,0.025802938640117623
64,INTERMEDIATE,1,0.4,0.049999999999999996,36.0,0.78535895986433,257.0,0.8437931034482758,0.5096346139907837,0.007632843414358215,0.7787913084030151,0.029531402885913938
64,COMPLETED,1,0.4,0.049999999999999996,36.0,0.78535895986433,257.0,0.8437931034482758,0.5096346139907837,0.007632843414358215,0.7787913084030151,0.029531402885913938
65,INTERMEDIATE,1,0.4,0.049999999999999996,36.0,0.7850197851893725,279.3,0.8463793103448275,0.5038707256317139,0.006840022611644958,0.772875189781189,0.026034414768218994
65,COMPLETED,1,0.4,0.049999999999999996,36.0,0.7850197851893725,279.3,0.8463793103448275,0.5038707256317139,0.006840022611644958,0.772875189781189,0.026034414768218994
66,INTERMEDIATE,1,0.4,0.049999999999999996,45.0,0.7849632560768796,239.1,0.8436206896551723,0.5201022028923035,0.005597795364612801,0.7853823900222778,0.027029466629028276
66,COMPLETED,1,0.4,0.049999999999999996,45.0,0.7849632560768796,239.1,0.8436206896551723,0.5201022028923035,0.005597795364612801,0.7853823900222778,0.027029466629028276
67,INTERMEDIATE,1,0.4,0.049999999999999996,35.0,0.7869417750141323,311.5,0.8455172413793104,0.5075103044509888,0.006331260599208632,0.7842821478843689,0.02878388613462446
67,COMPLETED,1,0.4,0.049999999999999996,35.0,0.7869417750141323,311.5,0.8455172413793104,0.5075103044509888,0.006331260599208632,0.7842821478843689,0.02878388613462446
68,INTERMEDIATE,1,0.4,0.049999999999999996,35.0,0.7867156585641605,304.6,0.8413793103448276,0.5077590942382812,0.00633126059920841,0.7845118641853333,0.030179981887340612
68,COMPLETED,1,0.4,0.049999999999999996,35.0,0.7867156585641605,304.6,0.8413793103448276,0.5077590942382812,0.00633126059920841,0.7845118641853333,0.030179981887340612
69,INTERMEDIATE,1,0.4,0.049999999999999996,35.0,0.787111362351611,291.2,0.8455172413793104,0.5040949583053589,0.007408140192199042,0.7711406946182251,0.02779705822467804
69,COMPLETED,1,0.4,0.049999999999999996,35.0,0.787111362351611,291.2,0.8455172413793104,0.5040949583053589,0.007408140192199042,0.7711406946182251,0.02779705822467804
70,INTERMEDIATE,1,0.4,0.049999999999999996,34.0,0.7857546636517807,258.8,0.8398275862068966,0.5150854587554932,0.006728377614471537,0.780855655670166,0.031235593557357832
70,COMPLETED,1,0.4,0.049999999999999996,34.0,0.7857546636517807,258.8,0.8398275862068966,0.5150854587554932,0.006728377614471537,0.780855655670166,0.031235593557357832
71,INTERMEDIATE,1,0.4,0.049999999999999996,35.0,0.7860938383267383,262.4,0.8431034482758621,0.5159890651702881,0.006106557377049127,0.7795564532279968,0.026036247611045837
71,COMPLETED,1,0.4,0.049999999999999996,35.0,0.7860938383267383,262.4,0.8431034482758621,0.5159890651702881,0.006106557377049127,0.7795564532279968,0.026036247611045837
72,INTERMEDIATE,1,0.4,0.049999999999999996,35.0,0.7868287167891465,288.5,0.8443103448275862,0.499962717294693,0.007235726399095532,0.7797080278396606,0.027704599499702498
72,COMPLETED,1,0.4,0.049999999999999996,35.0,0.7868287167891465,288.5,0.8443103448275862,0.499962717294693,0.007235726399095532,0.7797080278396606,0.027704599499702498
73,INTERMEDIATE,1,0.4,0.049999999999999996,35.0,0.7852459016393443,306.8,0.846551724137931,0.49257636070251465,0.007009609949123807,0.7744709849357605,0.030581074953079157
73,COMPLETED,1,0.4,0.049999999999999996,35.0,0.7852459016393443,306.8,0.846551724137931,0.49257636070251465,0.007009609949123807,0.7744709849357605,0.030581074953079157
74,INTERMEDIATE,1,0.4,0.049999999999999996,35.0,0.7866026003391747,284.2,0.8479310344827586,0.507597804069519,0.005822498586772196,0.777158796787262,0.025510819256305606
74,COMPLETED,1,0.4,0.049999999999999996,35.0,0.7866026003391747,284.2,0.8479310344827586,0.507597804069519,0.005822498586772196,0.777158796787262,0.025510819256305606
75,INTERMEDIATE,1,0.4,0.049999999999999996,35.0,0.7886941775014134,331.7,0.846551724137931,0.48786288499832153,0.00605144149236847,0.7815719842910767,0.028352010250091597
75,COMPLETED,1,0.4,0.049999999999999996,35.0,0.7886941775014134,331.7,0.846551724137931,0.48786288499832153,0.00605144149236847,0.7815719842910767,0.028352010250091597
76,INTERMEDIATE,1,0.4,0.049999999999999996,34.0,0.7863199547767099,293.3,0.8429310344827586,0.5162767171859741,0.006389202939513949,0.7819446325302124,0.026680576801299982
76,COMPLETED,1,0.4,0.049999999999999996,34.0,0.7863199547767099,293.3,0.8429310344827586,0.5162767171859741,0.006389202939513949,0.7819446325302124,0.026680576801299982
77,INTERMEDIATE,1,0.4,0.049999999999999996,34.0,0.7851893725268513,333.3,0.8489655172413795,0.4925591051578522,0.00802713397399657,0.7778427600860596,0.02519115358591073
77,COMPLETED,1,0.4,0.049999999999999996,34.0,0.7851893725268513,333.3,0.8489655172413795,0.4925591051578522,0.00802713397399657,0.7778427600860596,0.02519115358591073
78,INTERMEDIATE,1,0.4,0.049999999999999996,35.0,0.7868287167891463,280.5,0.8460344827586207,0.5019303560256958,0.005822498586772085,0.7815134525299072,0.0281058833003045
78,COMPLETED,1,0.4,0.049999999999999996,35.0,0.7868287167891463,280.5,0.8460344827586207,0.5019303560256958,0.005822498586772085,0.7815134525299072,0.0281058833003045
79,INTERMEDIATE,1,0.4,0.049999999999999996,35.0,0.7865460712266817,289.6,0.8462068965517242,0.49958711862564087,0.006445732052006825,0.7786366939544678,0.026870515942573614
79,COMPLETED,1,0.4,0.049999999999999996,35.0,0.7865460712266817,289.6,0.8462068965517242,0.49958711862564087,0.006445732052006825,0.7786366939544678,0.026870515942573614
80,INTERMEDIATE,1,0.4,0.049999999999999996,35.0,0.7877897117015262,374.6,0.8525862068965517,0.48463600873947144,0.006218202374222659,0.776178777217865,0.02698024958372114
80,COMPLETED,1,0.4,0.049999999999999996,35.0,0.7877897117015262,374.6,0.8525862068965517,0.48463600873947144,0.006218202374222659,0.776178777217865,0.02698024958372114
81,INTERMEDIATE,1,0.4,0.049999999999999996,35.0,0.7861503674392313,280.9,0.8443103448275862,0.5169185400009155,0.006896551724138056,0.7814064025878906,0.03120707422494884
81,COMPLETED,1,0.4,0.049999999999999996,35.0,0.7861503674392313,280.9,0.8443103448275862,0.5169185400009155,0.006896551724138056,0.7814064025878906,0.03120707422494884
82,INTERMEDIATE,1,0.4,0.049999999999999996,35.0,0.7873374788015827,288.2,0.8444827586206897,0.5085313320159912,0.006897964951950164,0.7813528180122375,0.0264242425560951
82,COMPLETED,1,0.4,0.049999999999999996,35.0,0.7873374788015827,288.2,0.8444827586206897,0.5085313320159912,0.006897964951950164,0.7813528180122375,0.0264242425560951
83,INTERMEDIATE,1,0.4,0.049999999999999996,35.0,0.788015828151498,314.8,0.8460344827586207,0.517891526222229,0.007406726964386601,0.7783281207084656,0.0206985265016556
83,COMPLETED,1,0.4,0.049999999999999996,35.0,0.788015828151498,314.8,0.8460344827586207,0.517891526222229,0.007406726964386601,0.7783281207084656,0.0206985265016556
84,INTERMEDIATE,1,0.4,0.049999999999999996,35.0,0.7860373092142453,297.1,0.8467241379310344,0.49776560068130493,0.006051441492368692,0.7780102491378784,0.02790889739990232
84,COMPLETED,1,0.4,0.049999999999999996,35.0,0.7860373092142453,297.1,0.8467241379310344,0.49776560068130493,0.006051441492368692,0.7780102491378784,0.02790889739990232
85,INTERMEDIATE,1,0.4,0.049999999999999996,35.0,0.7868852459016393,319.9,0.8477586206896552,0.49333375692367554,0.0049745618993781715,0.7804042100906372,0.02697476297616963
85,COMPLETED,1,0.4,0.049999999999999996,35.0,0.7868852459016393,319.9,0.8477586206896552,0.49333375692367554,0.0049745618993781715,0.7804042100906372,0.02697476297616963
86,INTERMEDIATE,1,0.4,0.049999999999999996,35.0,0.7847936687394008,330.0,0.8463793103448276,0.4963536858558655,0.006106557377049127,0.7797536253929138,0.024945680797100134
86,COMPLETED,1,0.4,0.049999999999999996,35.0,0.7847936687394008,330.0,0.8463793103448276,0.4963536858558655,0.006106557377049127,0.7797536253929138,0.024945680797100134
87,INTERMEDIATE,1,0.4,0.049999999999999996,35.0,0.7856981345392877,316.7,0.8439655172413794,0.4976842403411865,0.008367721876766487,0.77787846326828,0.026660382747650146
87,COMPLETED,1,0.4,0.049999999999999996,35.0,0.7856981345392877,316.7,0.8439655172413794,0.4976842403411865,0.008367721876766487,0.77787846326828,0.026660382747650146
88,INTERMEDIATE,1,0.4,0.049999999999999996,35.0,0.7886941775014132,326.6,0.8503448275862068,0.4939810335636139,0.0054267947993216215,0.778572142124176,0.025046768784522944
88,COMPLETED,1,0.4,0.049999999999999996,35.0,0.7886941775014132,326.6,0.8503448275862068,0.4939810335636139,0.0054267947993216215,0.778572142124176,0.025046768784522944
89,INTERMEDIATE,1,0.4,0.049999999999999996,35.0,0.785585076314302,312.0,0.8482758620689654,0.4936797618865967,0.007809496890898937,0.7822609543800354,0.027813564240932398
89,COMPLETED,1,0.4,0.049999999999999996,35.0,0.785585076314302,312.0,0.8482758620689654,0.4936797618865967,0.007809496890898937,0.7822609543800354,0.027813564240932398
90,INTERMEDIATE,1,0.4,0.049999999999999996,35.0,0.7866026003391746,287.9,0.8444827586206897,0.49975982308387756,0.007009609949123696,0.7756105661392212,0.028254623711109095
90,COMPLETED,1,0.4,0.049999999999999996,35.0,0.7866026003391746,287.9,0.8444827586206897,0.49975982308387756,0.007009609949123696,0.7756105661392212,0.028254623711109095
91,INTERMEDIATE,1,0.4,0.049999999999999996,35.0,0.7881288863764839,264.3,0.8446551724137932,0.5107154846191406,0.005654324477105788,0.7782531976699829,0.02370492666959767
91,COMPLETED,1,0.4,0.049999999999999996,35.0,0.7881288863764839,264.3,0.8446551724137932,0.5107154846191406,0.005654324477105788,0.7782531976699829,0.02370492666959767
92,INTERMEDIATE,1,0.4,0.049999999999999996,35.0,0.7869417750141322,274.1,0.8453448275862069,0.5114009976387024,0.006729790842283645,0.778492271900177,0.023952853679656938
92,COMPLETED,1,0.4,0.049999999999999996,35.0,0.7869417750141322,274.1,0.8453448275862069,0.5114009976387024,0.006729790842283645,0.778492271900177,0.023952853679656938
93,INTERMEDIATE,1,0.4,0.049999999999999996,35.0,0.7861503674392312,241.1,0.8420689655172413,0.5221294164657593,0.007409553420011372,0.7803187370300293,0.02370155751705172
93,COMPLETED,1,0.4,0.049999999999999996,35.0,0.7861503674392312,241.1,0.8420689655172413,0.5221294164657593,0.007409553420011372,0.7803187370300293,0.02370155751705172
94,INTERMEDIATE,1,0.4,0.049999999999999996,35.0,0.7864330130016958,270.0,0.8439655172413794,0.511644184589386,0.006274731486715535,0.7796151638031006,0.025390391051769323
94,COMPLETED,1,0.4,0.049999999999999996,35.0,0.7864330130016958,270.0,0.8439655172413794,0.511644184589386,0.006274731486715535,0.7796151638031006,0.025390391051769323
95,INTERMEDIATE,1,0.4,0.049999999999999996,35.0,0.7861503674392312,333.3,0.8467241379310344,0.4965806007385254,0.006332673827020963,0.7796660661697388,0.027265749871730693
95,COMPLETED,1,0.4,0.049999999999999996,35.0,0.7861503674392312,333.3,0.8467241379310344,0.4965806007385254,0.006332673827020963,0.7796660661697388,0.027265749871730693
96,INTERMEDIATE,1,0.4,0.049999999999999996,35.0,0.7849067269643867,313.8,0.850344827586207,0.4976347088813782,0.007239966082532412,0.777220606803894,0.027982173860073067
96,COMPLETED,1,0.4,0.049999999999999996,35.0,0.7849067269643867,313.8,0.850344827586207,0.4976347088813782,0.007239966082532412,0.777220606803894,0.027982173860073067
97,INTERMEDIATE,1,0.4,0.049999999999999996,35.0,0.7855850763143019,304.3,0.8475862068965517,0.49916553497314453,0.005652911249293346,0.7775275707244873,0.027435040473937966
97,COMPLETED,1,0.4,0.049999999999999996,35.0,0.7855850763143019,304.3,0.8475862068965517,0.49916553497314453,0.005652911249293346,0.7775275707244873,0.027435040473937966
98,INTERMEDIATE,1,0.4,0.049999999999999996,35.0,0.7856416054267948,290.9,0.838103448275862,0.5240740180015564,0.005597795364612801,0.7832983732223511,0.02188380360603326
98,COMPLETED,1,0.4,0.049999999999999996,35.0,0.7856416054267948,290.9,0.838103448275862,0.5240740180015564,0.005597795364612801,0.7832983732223511,0.02188380360603326
99,INTERMEDIATE,1,0.4,0.049999999999999996,35.0,0.7867156585641606,291.4,0.8467241379310344,0.5051459074020386,0.005710853589598663,0.7781935930252075,0.03010114580392842
99,COMPLETED,1,0.4,0.049999999999999996,35.0,0.7867156585641606,291.4,0.8467241379310344,0.5051459074020386,0.005710853589598663,0.7781935930252075,0.03010114580392842
100,INTERMEDIATE,1,0.4,0.049999999999999996,35.0,0.7866026003391747,248.5,0.8391379310344828,0.5245765447616577,0.005939796495195049,0.7807093858718872,0.02561780661344526
100,COMPLETED,1,0.4,0.049999999999999996,35.0,0.7866026003391747,248.5,0.8391379310344828,0.5245765447616577,0.005939796495195049,0.7807093858718872,0.02561780661344526
101,INTERMEDIATE,1,0.4,0.049999999999999996,35.0,0.7876201243640476,294.0,0.8491379310344828,0.49998101592063904,0.006620972300734995,0.7737458944320679,0.02897922843694689
101,COMPLETED,1,0.4,0.049999999999999996,35.0,0.7876201243640476,294.0,0.8491379310344828,0.49998101592063904,0.006620972300734995,0.7737458944320679,0.02897922843694689
102,INTERMEDIATE,1,0.4,0.049999999999999996,35.0,0.7883550028264557,280.0,0.8429310344827586,0.5074643492698669,0.006105144149236907,0.7764459848403931,0.02873239517211912
102,COMPLETED,1,0.4,0.049999999999999996,35.0,0.7883550028264557,280.0,0.8429310344827586,0.5074643492698669,0.006105144149236907,0.7764459848403931,0.02873239517211912
103,INTERMEDIATE,1,0.4,0.049999999999999996,35.0,0.7859242509892594,296.8,0.8427586206896553,0.5017610788345337,0.005484737139626938,0.7777154445648193,0.026713164150714896
103,COMPLETED,1,0.4,0.049999999999999996,35.0,0.7859242509892594,296.8,0.8427586206896553,0.5017610788345337,0.005484737139626938,0.7777154445648193,0.026713164150714896
104,INTERMEDIATE,1,0.4,0.049999999999999996,35.0,0.7870548332391181,282.7,0.8410344827586206,0.5177727937698364,0.004861503674392198,0.7767670154571533,0.02272681593894954
104,COMPLETED,1,0.4,0.049999999999999996,35.0,0.7870548332391181,282.7,0.8410344827586206,0.5177727937698364,0.004861503674392198,0.7767670154571533,0.02272681593894954
105,INTERMEDIATE,1,0.4,0.049999999999999996,35.0,0.7870548332391182,296.3,0.8448275862068966,0.5187898278236389,0.00712266817410967,0.7810066938400269,0.026182258129119895
105,COMPLETED,1,0.4,0.049999999999999996,35.0,0.7870548332391182,296.3,0.8448275862068966,0.5187898278236389,0.00712266817410967,0.7810066938400269,0.026182258129119895
106,INTERMEDIATE,1,0.4,0.049999999999999996,35.0,0.7851328434143583,240.6,0.8415517241379311,0.5182861089706421,0.007918315432447698,0.778885006904602,0.024795658886432648
106,COMPLETED,1,0.4,0.049999999999999996,35.0,0.7851328434143583,240.6,0.8415517241379311,0.5182861089706421,0.007918315432447698,0.778885006904602,0.024795658886432648
107,INTERMEDIATE,1,0.4,0.049999999999999996,35.0,0.7851893725268514,282.4,0.8434482758620689,0.5062261819839478,0.006954494064443262,0.7807533740997314,0.028202345967292763
107,COMPLETED,1,0.4,0.049999999999999996,35.0,0.7851893725268514,282.4,0.8434482758620689,0.5062261819839478,0.006954494064443262,0.7807533740997314,0.028202345967292763
108,INTERMEDIATE,1,0.4,0.049999999999999996,35.0,0.7842283776144715,307.4,0.8425862068965518,0.5140177011489868,0.006502261164499701,0.7854306697845459,0.0243482187390327
108,COMPLETED,1,0.4,0.049999999999999996,35.0,0.7842283776144715,307.4,0.8425862068965518,0.5140177011489868,0.006502261164499701,0.7854306697845459,0.0243482187390327
109,INTERMEDIATE,1,0.4,0.049999999999999996,35.0,0.7893725268513284,267.0,0.8443103448275862,0.5084166526794434,0.007576314301865561,0.7743075489997864,0.029704307019710607
109,COMPLETED,1,0.4,0.049999999999999996,35.0,0.7893725268513284,267.0,0.8443103448275862,0.5084166526794434,0.007576314301865561,0.7743075489997864,0.029704307019710607
110,INTERMEDIATE,1,0.4,0.049999999999999996,35.0,0.7856416054267948,268.0,0.8400000000000001,0.5214536190032959,0.007351611079706166,0.7868229746818542,0.03259552717208858
110,COMPLETED,1,0.4,0.049999999999999996,35.0,0.7856416054267948,268.0,0.8400000000000001,0.5214536190032959,0.007351611079706166,0.7868229746818542,0.03259552717208858
111,INTERMEDIATE,1,0.4,0.049999999999999996,35.0,0.7864895421141888,288.1,0.8477586206896552,0.4966936707496643,0.008763425664217062,0.7801917195320129,0.02212837636470788
111,COMPLETED,1,0.4,0.049999999999999996,35.0,0.7864895421141888,288.1,0.8477586206896552,0.4966936707496643,0.008763425664217062,0.7801917195320129,0.02212837636470788
112,INTERMEDIATE,1,0.4,0.049999999999999996,35.0,0.7873940079140758,249.9,0.8387931034482758,0.5240060091018677,0.005823911814584637,0.7781588435173035,0.0244351744651794
112,COMPLETED,1,0.4,0.049999999999999996,35.0,0.7873940079140758,249.9,0.8387931034482758,0.5240060091018677,0.005823911814584637,0.7781588435173035,0.0244351744651794
113,INTERMEDIATE,1,0.4,0.049999999999999996,35.0,0.7856416054267947,323.5,0.8422413793103448,0.4946061968803406,0.006274731486715535,0.7797057032585144,0.02749474644660954
113,COMPLETED,1,0.4,0.049999999999999996,35.0,0.7856416054267947,323.5,0.8422413793103448,0.4946061968803406,0.006274731486715535,0.7797057032585144,0.02749474644660954
114,INTERMEDIATE,1,0.4,0.049999999999999996,35.0,0.7868852459016392,329.0,0.8503448275862068,0.48496013879776,0.006106557377049238,0.7802973389625549,0.029335629940033026
114,COMPLETED,1,0.4,0.049999999999999996,35.0,0.7868852459016392,329.0,0.8503448275862068,0.48496013879776,0.006106557377049238,0.7802973389625549,0.029335629940033026
115,INTERMEDIATE,1,0.4,0.049999999999999996,35.0,0.7869983041266252,256.7,0.8427586206896551,0.5135992765426636,0.006671848501978661,0.7776798009872437,0.024459725618362405
115,COMPLETED,1,0.4,0.049999999999999996,35.0,0.7869983041266252,256.7,0.8427586206896551,0.5135992765426636,0.006671848501978661,0.7776798009872437,0.024459725618362405
116,INTERMEDIATE,1,0.4,0.049999999999999996,35.0,0.7866591294516676,247.7,0.8412068965517241,0.520680844783783,0.006107970604861568,0.7775124311447144,0.026533435285091445
116,COMPLETED,1,0.4,0.049999999999999996,35.0,0.7866591294516676,247.7,0.8412068965517241,0.520680844783783,0.006107970604861568,0.7775124311447144,0.026533435285091445
117,INTERMEDIATE,1,0.4,0.049999999999999996,35.0,0.786263425664217,247.0,0.8412068965517241,0.5237178206443787,0.007350197851893725,0.7801313996315002,0.025063402950763702
117,COMPLETED,1,0.4,0.049999999999999996,35.0,0.786263425664217,247.0,0.8412068965517241,0.5237178206443787,0.007350197851893725,0.7801313996315002,0.025063402950763702
118,INTERMEDIATE,1,0.4,0.049999999999999996,35.0,0.7860373092142454,306.4,0.8408620689655173,0.5178604125976562,0.006387789711701619,0.7858356237411499,0.026440066099166826
118,COMPLETED,1,0.4,0.049999999999999996,35.0,0.7860373092142454,306.4,0.8408620689655173,0.5178604125976562,0.006387789711701619,0.7858356237411499,0.026440066099166826
119,INTERMEDIATE,1,0.4,0.049999999999999996,35.0,0.7849067269643867,253.1,0.8429310344827586,0.5152562856674194,0.0064485585076313745,0.7803773880004883,0.026334702968597412
119,COMPLETED,1,0.4,0.049999999999999996,35.0,0.7849067269643867,253.1,0.8429310344827586,0.5152562856674194,0.0064485585076313745,0.7803773880004883,0.026334702968597412
120,INTERMEDIATE,1,0.4,0.049999999999999996,35.0,0.7848501978518938,266.6,0.8420689655172413,0.5165733695030212,0.007292255511588408,0.7779222726821899,0.02705475986003869
120,COMPLETED,1,0.4,0.049999999999999996,35.0,0.7848501978518938,266.6,0.8420689655172413,0.5165733695030212,0.007292255511588408,0.7779222726821899,0.02705475986003869
121,INTERMEDIATE,1,0.4,0.049999999999999996,35.0,0.7858111927642736,335.3,0.8501724137931035,0.4843605160713196,0.005087620124364034,0.7764233350753784,0.029624859988689356
121,COMPLETED,1,0.4,0.049999999999999996,35.0,0.7858111927642736,335.3,0.8501724137931035,0.4843605160713196,0.005087620124364034,0.7764233350753784,0.029624859988689356
122,INTERMEDIATE,1,0.4,0.049999999999999996,35.0,0.7861503674392312,264.4,0.8418965517241379,0.5189148187637329,0.006445732052006825,0.7756268382072449,0.021357755362987563
122,COMPLETED,1,0.4,0.049999999999999996,35.0,0.7861503674392312,264.4,0.8418965517241379,0.5189148187637329,0.006445732052006825,0.7756268382072449,0.021357755362987563
123,INTERMEDIATE,1,0.4,0.04649110100661392,35.0,0.7869983041266252,257.3,0.8444827586206897,0.5134025812149048,0.0058860938383268335,0.7759566307067871,0.023909249901771568
123,COMPLETED,1,0.4,0.04649110100661392,35.0,0.7869983041266252,257.3,0.8444827586206897,0.5134025812149048,0.0058860938383268335,0.7759566307067871,0.023909249901771568
124,INTERMEDIATE,1,0.4,0.03722661101618413,35.0,0.7855850763143019,271.1,0.8472413793103449,0.501673698425293,0.005600621820237572,0.7709811925888062,0.026467503607273013
124,COMPLETED,1,0.4,0.03722661101618413,35.0,0.7855850763143019,271.1,0.8472413793103449,0.501673698425293,0.005600621820237572,0.7709811925888062,0.026467503607273013
125,INTERMEDIATE,1,0.4,0.049999999999999996,35.0,0.7849067269643866,293.2,0.8422413793103448,0.5150831341743469,0.00605144149236847,0.7812188863754272,0.026383267343044192
125,COMPLETED,1,0.4,0.049999999999999996,35.0,0.7849067269643866,293.2,0.8422413793103448,0.5150831341743469,0.00605144149236847,0.7812188863754272,0.026383267343044192
126,INTERMEDIATE,1,0.4,0.049999999999999996,35.0,0.7863199547767099,274.1,0.8424137931034483,0.5055150389671326,0.005710853589598663,0.7772074937820435,0.024004596471786432
126,COMPLETED,1,0.4,0.049999999999999996,35.0,0.7863199547767099,274.1,0.8424137931034483,0.5055150389671326,0.005710853589598663,0.7772074937820435,0.024004596471786432
127,INTERMEDIATE,1,0.4,0.049999999999999996,35.0,0.7835500282645562,295.3,0.8453448275862069,0.5040533542633057,0.0044120972300734085,0.7844956517219543,0.025700119137763933
127,COMPLETED,1,0.4,0.049999999999999996,35.0,0.7835500282645562,295.3,0.8453448275862069,0.5040533542633057,0.0044120972300734085,0.7844956517219543,0.025700119137763933
128,INTERMEDIATE,1,0.4,0.049999999999999996,35.0,0.7853024307518373,270.7,0.8410344827586206,0.5152555704116821,0.006783493499151971,0.7823719382286072,0.02452401667833326
128,COMPLETED,1,0.4,0.049999999999999996,35.0,0.7853024307518373,270.7,0.8410344827586206,0.5152555704116821,0.006783493499151971,0.7823719382286072,0.02452401667833326
129,INTERMEDIATE,1,0.4,0.049999999999999996,35.0,0.7851893725268514,321.7,0.8474137931034482,0.49855202436447144,0.006332673827020963,0.7768090963363647,0.02483023703098297
129,COMPLETED,1,0.4,0.049999999999999996,35.0,0.7851893725268514,321.7,0.8474137931034482,0.49855202436447144,0.006332673827020963,0.7768090963363647,0.02483023703098297
130,INTERMEDIATE,1,0.4,0.049999999999999996,35.0,0.7871113623516112,317.0,0.850344827586207,0.4945593476295471,0.005879027699265182,0.7777732610702515,0.024324722588062286
130,COMPLETED,1,0.4,0.049999999999999996,35.0,0.7871113623516112,317.0,0.850344827586207,0.4945593476295471,0.005879027699265182,0.7777732610702515,0.024324722588062286
131,INTERMEDIATE,1,0.4,0.049999999999999996,35.0,0.7860938383267382,331.0,0.8472413793103447,0.48369869589805603,0.004862916902204528,0.7782560586929321,0.02444119155406954
131,COMPLETED,1,0.4,0.049999999999999996,35.0,0.7860938383267382,331.0,0.8472413793103447,0.48369869589805603,0.004862916902204528,0.7782560586929321,0.02444119155406954
132,INTERMEDIATE,1,0.4,0.049999999999999996,35.0,0.784680610514415,251.1,0.8386206896551723,0.5216140151023865,0.005316563029960419,0.7834110856056213,0.030238968133926347
132,COMPLETED,1,0.4,0.049999999999999996,35.0,0.784680610514415,251.1,0.8386206896551723,0.5216140151023865,0.005316563029960419,0.7834110856056213,0.030238968133926347
133,INTERMEDIATE,1,0.4,0.049999999999999996,35.0,0.785528547201809,243.4,0.8418965517241379,0.5210680365562439,0.00667184850197855,0.7814420461654663,0.02519869357347493
133,COMPLETED,1,0.4,0.049999999999999996,35.0,0.785528547201809,243.4,0.8418965517241379,0.5210680365562439,0.00667184850197855,0.7814420461654663,0.02519869357347493
134,INTERMEDIATE,1,0.4,0.049999999999999996,35.0,0.7858111927642735,248.6,0.8370689655172413,0.5148507356643677,0.005880440927077291,0.7799019813537598,0.026587064564228102
134,COMPLETED,1,0.4,0.049999999999999996,35.0,0.7858111927642735,248.6,0.8370689655172413,0.5148507356643677,0.005880440927077291,0.7799019813537598,0.026587064564228102
135,INTERMEDIATE,1,0.4,0.049999999999999996,35.0,0.7839457320520069,280.2,0.8412068965517241,0.518850564956665,0.00503391746749593,0.7825568318367004,0.022340193390846252
135,COMPLETED,1,0.4,0.049999999999999996,35.0,0.7839457320520069,280.2,0.8412068965517241,0.518850564956665,0.00503391746749593,0.7825568318367004,0.022340193390846252
136,INTERMEDIATE,1,0.4,0.049999999999999996,35.0,0.7881854154889769,287.4,0.8470689655172414,0.512272298336029,0.0054267947993216215,0.7804738283157349,0.025034427642822266
136,COMPLETED,1,0.4,0.049999999999999996,35.0,0.7881854154889769,287.4,0.8470689655172414,0.512272298336029,0.0054267947993216215,0.7804738283157349,0.025034427642822266
137,INTERMEDIATE,1,0.4,0.049999999999999996,35.0,0.7865460712266817,273.1,0.8412068965517241,0.5172994136810303,0.006048615036743921,0.7750033736228943,0.024052375555038363
137,COMPLETED,1,0.4,0.049999999999999996,35.0,0.7865460712266817,273.1,0.8412068965517241,0.5172994136810303,0.006048615036743921,0.7750033736228943,0.024052375555038363
138,INTERMEDIATE,1,0.4,0.049999999999999996,35.0,0.7880723572639909,307.2,0.8460344827586207,0.4975663125514984,0.006840022611644958,0.7738383412361145,0.028713504970073744
138,COMPLETED,1,0.4,0.049999999999999996,35.0,0.7880723572639909,307.2,0.8460344827586207,0.4975663125514984,0.006840022611644958,0.7738383412361145,0.028713504970073744
139,INTERMEDIATE,1,0.4,0.049999999999999996,35.0,0.7847371396269078,260.7,0.8427586206896551,0.5120822787284851,0.006953080836630932,0.7789887189865112,0.027921642363071486
139,COMPLETED,1,0.4,0.049999999999999996,35.0,0.7847371396269078,260.7,0.8427586206896551,0.5120822787284851,0.006953080836630932,0.7789887189865112,0.027921642363071486
140,INTERMEDIATE,1,0.4,0.049999999999999996,35.0,0.786263425664217,287.9,0.8453448275862069,0.5070106387138367,0.006841435839457399,0.7797876596450806,0.02804124355316162
140,COMPLETED,1,0.4,0.049999999999999996,35.0,0.786263425664217,287.9,0.8453448275862069,0.5070106387138367,0.006841435839457399,0.7797876596450806,0.02804124355316162
141,INTERMEDIATE,1,0.4,0.049999999999999996,35.0,0.7871678914641039,315.2,0.8486206896551725,0.4931929111480713,0.005257207461842772,0.7794684171676636,0.026067486405372597
141,COMPLETED,1,0.4,0.049999999999999996,35.0,0.7871678914641039,315.2,0.8486206896551725,0.4931929111480713,0.005257207461842772,0.7794684171676636,0.026067486405372597
142,INTERMEDIATE,1,0.4,0.049999999999999996,35.0,0.7860373092142453,294.9,0.8443103448275864,0.5112414360046387,0.0070110231769361375,0.7814379334449768,0.025541967153549172
142,COMPLETED,1,0.4,0.049999999999999996,35.0,0.7860373092142453,294.9,0.8443103448275864,0.5112414360046387,0.0070110231769361375,0.7814379334449768,0.025541967153549172
143,INTERMEDIATE,1,0.4,0.049999999999999996,35.0,0.7858111927642736,254.4,0.8393103448275863,0.5348370671272278,0.006331260599208632,0.7820349931716919,0.02328873127698894
143,COMPLETED,1,0.4,0.049999999999999996,35.0,0.7858111927642736,254.4,0.8393103448275863,0.5348370671272278,0.006331260599208632,0.7820349931716919,0.02328873127698894
144,INTERMEDIATE,1,0.4,0.049999999999999996,35.0,0.7886941775014132,330.1,0.850344827586207,0.4842817187309265,0.004523742227247163,0.7753695845603943,0.02430895268917077
144,COMPLETED,1,0.4,0.049999999999999996,35.0,0.7886941775014132,330.1,0.850344827586207,0.4842817187309265,0.004523742227247163,0.7753695845603943,0.02430895268917077
145,INTERMEDIATE,1,0.4,0.049999999999999996,35.0,0.7884680610514414,276.4,0.8408620689655173,0.5134016275405884,0.0065587902769925766,0.7820518612861633,0.023030525445938088
145,COMPLETED,1,0.4,0.049999999999999996,35.0,0.7884680610514414,276.4,0.8408620689655173,0.5134016275405884,0.0065587902769925766,0.7820518612861633,0.023030525445938088
146,INTERMEDIATE,1,0.4,0.049999999999999996,35.0,0.7855850763143017,269.4,0.8425862068965518,0.5169205665588379,0.005767382702091428,0.7833278775215149,0.02534344047307968
146,COMPLETED,1,0.4,0.049999999999999996,35.0,0.7855850763143017,269.4,0.8425862068965518,0.5169205665588379,0.005767382702091428,0.7833278775215149,0.02534344047307968
147,INTERMEDIATE,1,0.4,0.049999999999999996,35.0,0.7873374788015829,293.4,0.8425862068965516,0.5009652972221375,0.006558790276992799,0.7753115892410278,0.02638316750526426
147,COMPLETED,1,0.4,0.049999999999999996,35.0,0.7873374788015829,293.4,0.8425862068965516,0.5009652972221375,0.006558790276992799,0.7753115892410278,0.02638316750526426
148,INTERMEDIATE,1,0.4,0.049999999999999996,35.0,0.7859242509892594,283.7,0.846551724137931,0.49511027336120605,0.007805257207461835,0.7784734964370728,0.025284595787525177
148,COMPLETED,1,0.4,0.049999999999999996,35.0,0.7859242509892594,283.7,0.846551724137931,0.49511027336120605,0.007805257207461835,0.7784734964370728,0.025284595787525177
149,INTERMEDIATE,1,0.4,0.049999999999999996,35.0,0.7863764838892029,296.3,0.8458620689655172,0.49910110235214233,0.005374505370265625,0.7723536491394043,0.02666878104209902
149,COMPLETED,1,0.4,0.049999999999999996,35.0,0.7863764838892029,296.3,0.8458620689655172,0.49910110235214233,0.005374505370265625,0.7723536491394043,0.02666878104209902
150,INTERMEDIATE,1,0.4,0.049999999999999996,35.0,0.7879592990390051,300.2,0.8460344827586207,0.5011453032493591,0.007067552289429124,0.7756980657577515,0.028896880149841264
150,COMPLETED,1,0.4,0.049999999999999996,35.0,0.7879592990390051,300.2,0.8460344827586207,0.5011453032493591,0.007067552289429124,0.7756980657577515,0.028896880149841264
151,INTERMEDIATE,1,0.4,0.049999999999999996,35.0,0.7847371396269078,270.5,0.8410344827586208,0.5146141648292542,0.005936970039570388,0.7818347811698914,0.025765410065650918
151,COMPLETED,1,0.4,0.049999999999999996,35.0,0.7847371396269078,270.5,0.8410344827586208,0.5146141648292542,0.005936970039570388,0.7818347811698914,0.025765410065650918
152,INTERMEDIATE,1,0.4,0.049999999999999996,35.0,0.7849632560768796,323.8,0.8494827586206896,0.48905715346336365,0.005709440361786333,0.7732444405555725,0.02675915807485585
152,COMPLETED,1,0.4,0.049999999999999996,35.0,0.7849632560768796,323.8,0.8494827586206896,0.48905715346336365,0.005709440361786333,0.7732444405555725,0.02675915807485585
153,INTERMEDIATE,1,0.4,0.049999999999999996,35.0,0.784567552289429,315.1,0.848103448275862,0.49621352553367615,0.006560203504804907,0.778191864490509,0.02788226157426843
153,COMPLETED,1,0.4,0.049999999999999996,35.0,0.784567552289429,315.1,0.848103448275862,0.49621352553367615,0.006560203504804907,0.778191864490509,0.02788226157426843
154,INTERMEDIATE,1,0.4,0.049999999999999996,35.0,0.7857546636517807,242.1,0.8370689655172413,0.532608151435852,0.0052586206896552135,0.7854467630386353,0.026033620536327406
154,COMPLETED,1,0.4,0.049999999999999996,35.0,0.7857546636517807,242.1,0.8370689655172413,0.532608151435852,0.0052586206896552135,0.7854467630386353,0.026033620536327406
155,INTERMEDIATE,1,0.4,0.049999999999999996,35.0,0.7870548332391182,277.0,0.8450000000000001,0.5145041346549988,0.006557377049180246,0.7806062698364258,0.02927140593528743
155,COMPLETED,1,0.4,0.049999999999999996,35.0,0.7870548332391182,277.0,0.8450000000000001,0.5145041346549988,0.006557377049180246,0.7806062698364258,0.02927140593528743
156,INTERMEDIATE,1,0.4,0.049999999999999996,35.0,0.7859807801017524,286.3,0.8434482758620689,0.5140012502670288,0.006787733182589073,0.7810255885124207,0.026772196590900466
156,COMPLETED,1,0.4,0.049999999999999996,35.0,0.7859807801017524,286.3,0.8434482758620689,0.5140012502670288,0.006787733182589073,0.7810255885124207,0.026772196590900466
157,INTERMEDIATE,1,0.4,0.049999999999999996,35.0,0.7845110231769361,319.2,0.8472413793103449,0.5081973671913147,0.006274731486715646,0.7836727499961853,0.0317259207367897
157,COMPLETED,1,0.4,0.049999999999999996,35.0,0.7845110231769361,319.2,0.8472413793103449,0.5081973671913147,0.006274731486715646,0.7836727499961853,0.0317259207367897
158,INTERMEDIATE,1,0.4,0.049999999999999996,35.0,0.7867721876766535,303.6,0.8448275862068966,0.49808186292648315,0.005539853024307484,0.7729871869087219,0.022693201899528503
158,COMPLETED,1,0.4,0.049999999999999996,35.0,0.7867721876766535,303.6,0.8448275862068966,0.49808186292648315,0.005539853024307484,0.7729871869087219,0.022693201899528503
159,INTERMEDIATE,1,0.4,0.049999999999999996,35.0,0.7881288863764839,320.7,0.848103448275862,0.49537238478660583,0.006953080836630932,0.7780314087867737,0.030705285072326727
159,COMPLETED,1,0.4,0.049999999999999996,35.0,0.7881288863764839,320.7,0.848103448275862,0.49537238478660583,0.006953080836630932,0.7780314087867737,0.030705285072326727
160,INTERMEDIATE,1,0.4,0.049999999999999996,35.0,0.7863764838892029,266.9,0.8418965517241379,0.5158865451812744,0.005257207461842883,0.7805466055870056,0.02407934665679934
160,COMPLETED,1,0.4,0.049999999999999996,35.0,0.7863764838892029,266.9,0.8418965517241379,0.5158865451812744,0.005257207461842883,0.7805466055870056,0.02407934665679934
161,INTERMEDIATE,1,0.4,0.049999999999999996,35.0,0.7848501978518938,276.8,0.8417241379310345,0.5125501155853271,0.00667043527416622,0.783623993396759,0.032392024993896484
161,COMPLETED,1,0.4,0.049999999999999996,35.0,0.7848501978518938,276.8,0.8417241379310345,0.5125501155853271,0.00667043527416622,0.783623993396759,0.032392024993896484
